modelo;MAE;RMSE;MAPE_%
SARIMA;30603.630352476364;45132.36791444748;10.497044412481205
Regressao Linear;39076.38899083381;56442.53975204443;14.184537366317498
Holt-Winters;48499.872192244395;57491.40362087792;18.12775619683665
