mes;receita_prevista;receita_min;receita_max;pedidos_previstos;clientes_previstos;ticket_medio_previsto
2024-12;201387.59122497455;180247.84633286286;222527.33611708623;57;52;3509.9942304491124
2025-01;191315.14624454992;171232.71037545614;211397.5821136437;81;71;2347.798005096783
2025-02;209213.95466352717;187252.67292538844;231175.2364016659;126;92;1657.7556625056732
